database,table,column,position,data_type,avg_length,cardinality,is_id/key_suffix,table_rows,is_nullable,is_all_null
adventure_work_2019,dbo_awbuildversion,SystemInformationID,1,tinyint,1.0,1,Yes,1,No,No
adventure_work_2019,dbo_awbuildversion,Database Version,2,varchar,13.0,1,No,1,No,No
adventure_work_2019,dbo_awbuildversion,VersionDate,3,datetime,26.0,1,No,1,No,No
adventure_work_2019,dbo_awbuildversion,ModifiedDate,4,timestamp,19.0,1,No,1,No,No
adventure_work_2019,dbo_databaselog,DatabaseLogID,1,int,3.31,1596,Yes,1596,No,No
adventure_work_2019,dbo_databaselog,PostTime,2,datetime,26.0,925,No,1596,No,No
adventure_work_2019,dbo_databaselog,DatabaseUser,3,varchar,3.0,1,No,1596,No,No
adventure_work_2019,dbo_databaselog,Event,4,varchar,21.36,15,No,1596,No,No
adventure_work_2019,dbo_databaselog,Schema,5,varchar,7.96,7,No,1596,Yes,No
adventure_work_2019,dbo_databaselog,Object,6,varchar,21.41,902,No,1596,Yes,No
adventure_work_2019,dbo_databaselog,TSQL,7,longtext,274.47,1596,No,1596,No,No
adventure_work_2019,dbo_databaselog,XmlEvent,8,text,1251.98,1596,No,1596,No,No
adventure_work_2019,dbo_errorlog,ErrorLogID,1,int,0.0,0,Yes,0,No,No
adventure_work_2019,dbo_errorlog,ErrorTime,2,timestamp,0.0,0,No,0,No,No
adventure_work_2019,dbo_errorlog,UserName,3,varchar,0.0,0,No,0,No,No
adventure_work_2019,dbo_errorlog,ErrorNumber,4,int,0.0,0,No,0,No,No
adventure_work_2019,dbo_errorlog,ErrorSeverity,5,int,0.0,0,No,0,Yes,No
adventure_work_2019,dbo_errorlog,ErrorState,6,int,0.0,0,No,0,Yes,No
adventure_work_2019,dbo_errorlog,ErrorProcedure,7,varchar,0.0,0,No,0,Yes,No
adventure_work_2019,dbo_errorlog,ErrorLine,8,int,0.0,0,No,0,Yes,No
adventure_work_2019,dbo_errorlog,ErrorMessage,9,varchar,0.0,0,No,0,No,No
adventure_work_2019,humanresources_department,DepartmentID,1,smallint,1.44,16,Yes,16,No,No
adventure_work_2019,humanresources_department,Name,2,varchar,14.38,16,No,16,No,No
adventure_work_2019,humanresources_department,GroupName,3,varchar,24.38,6,No,16,No,No
adventure_work_2019,humanresources_department,ModifiedDate,4,timestamp,19.0,1,No,16,No,No
adventure_work_2019,humanresources_employee,BusinessEntityID,1,int,2.63,290,Yes,290,No,No
adventure_work_2019,humanresources_employee,NationalIDNumber,2,varchar,8.83,290,No,290,No,No
adventure_work_2019,humanresources_employee,LoginID,3,varchar,22.39,290,Yes,290,No,No
adventure_work_2019,humanresources_employee,OrganizationNode,4,varchar,8.48,289,No,290,Yes,No
adventure_work_2019,humanresources_employee,OrganizationLevel,5,smallint,1.0,4,No,290,Yes,No
adventure_work_2019,humanresources_employee,JobTitle,6,varchar,24.91,67,No,290,No,No
adventure_work_2019,humanresources_employee,BirthDate,7,date,10.0,275,No,290,No,No
adventure_work_2019,humanresources_employee,MaritalStatus,8,char,1.0,2,No,290,No,No
adventure_work_2019,humanresources_employee,Gender,9,char,1.0,2,No,290,No,No
adventure_work_2019,humanresources_employee,HireDate,10,date,10.0,164,No,290,No,No
adventure_work_2019,humanresources_employee,SalariedFlag,11,tinyint,1.0,2,No,290,No,No
adventure_work_2019,humanresources_employee,VacationHours,12,smallint,1.9,100,No,290,No,No
adventure_work_2019,humanresources_employee,SickLeaveHours,13,smallint,2.0,51,No,290,No,No
adventure_work_2019,humanresources_employee,CurrentFlag,14,tinyint,1.0,1,No,290,No,No
adventure_work_2019,humanresources_employee,rowguid,15,varchar,36.0,290,Yes,290,No,No
adventure_work_2019,humanresources_employee,ModifiedDate,16,timestamp,19.0,2,No,290,No,No
adventure_work_2019,humanresources_employeedepartmenthistory,BusinessEntityID,1,int,2.63,290,Yes,296,No,No
adventure_work_2019,humanresources_employeedepartmenthistory,DepartmentID,2,smallint,1.16,16,Yes,296,No,No
adventure_work_2019,humanresources_employeedepartmenthistory,ShiftID,3,tinyint,1.0,3,Yes,296,No,No
adventure_work_2019,humanresources_employeedepartmenthistory,StartDate,4,date,10.0,170,No,296,No,No
adventure_work_2019,humanresources_employeedepartmenthistory,EndDate,5,date,10.0,6,No,296,Yes,No
adventure_work_2019,humanresources_employeedepartmenthistory,ModifiedDate,6,timestamp,19.0,172,No,296,No,No
adventure_work_2019,humanresources_employeepayhistory,BusinessEntityID,1,int,2.64,290,Yes,316,No,No
adventure_work_2019,humanresources_employeepayhistory,RateChangeDate,2,datetime,26.0,177,No,316,No,No
adventure_work_2019,humanresources_employeepayhistory,Rate,3,decimal,6.83,66,No,316,No,No
adventure_work_2019,humanresources_employeepayhistory,PayFrequency,4,tinyint,1.0,2,No,316,No,No
adventure_work_2019,humanresources_employeepayhistory,ModifiedDate,5,timestamp,19.0,26,No,316,No,No
adventure_work_2019,humanresources_jobcandidate,JobCandidateID,1,int,1.31,13,Yes,13,No,No
adventure_work_2019,humanresources_jobcandidate,BusinessEntityID,2,int,3.0,2,Yes,13,Yes,No
adventure_work_2019,humanresources_jobcandidate,Resume,3,text,0.0,0,No,13,Yes,Yes
adventure_work_2019,humanresources_jobcandidate,ModifiedDate,4,timestamp,19.0,2,No,13,No,No
adventure_work_2019,humanresources_shift,ShiftID,1,tinyint,1.0,3,Yes,3,No,No
adventure_work_2019,humanresources_shift,Name,2,varchar,5.0,3,No,3,No,No
adventure_work_2019,humanresources_shift,StartTime,3,time,15.0,3,No,3,No,No
adventure_work_2019,humanresources_shift,EndTime,4,time,15.0,3,No,3,No,No
adventure_work_2019,humanresources_shift,ModifiedDate,5,timestamp,19.0,1,No,3,No,No
adventure_work_2019,person_address,AddressID,1,int,4.89,19614,Yes,19614,No,No
adventure_work_2019,person_address,AddressLine1,2,varchar,17.51,13567,No,19614,No,No
adventure_work_2019,person_address,AddressLine2,3,varchar,7.96,195,No,19614,Yes,No
adventure_work_2019,person_address,City,4,varchar,8.79,575,No,19614,No,No
adventure_work_2019,person_address,StateProvinceID,5,int,1.77,74,Yes,19614,No,No
adventure_work_2019,person_address,PostalCode,6,varchar,4.92,661,No,19614,No,No
adventure_work_2019,person_address,SpatialLocation,7,geometry,25.0,17878,No,19614,Yes,No
adventure_work_2019,person_address,rowguid,8,varchar,36.0,19614,Yes,19614,No,No
adventure_work_2019,person_address,ModifiedDate,9,timestamp,19.0,1280,No,19614,No,No
adventure_work_2019,person_addresstype,AddressTypeID,1,int,1.0,6,Yes,6,No,No
adventure_work_2019,person_addresstype,Name,2,varchar,7.33,6,No,6,No,No
adventure_work_2019,person_addresstype,rowguid,3,varchar,36.0,6,Yes,6,No,No
adventure_work_2019,person_addresstype,ModifiedDate,4,timestamp,19.0,1,No,6,No,No
adventure_work_2019,person_businessentity,BusinessEntityID,1,int,4.47,20777,Yes,20777,No,No
adventure_work_2019,person_businessentity,rowguid,2,varchar,36.0,20777,Yes,20777,No,No
adventure_work_2019,person_businessentity,ModifiedDate,3,timestamp,19.0,1571,No,20777,No,No
adventure_work_2019,person_businessentityaddress,BusinessEntityID,1,int,4.51,19579,Yes,19614,No,No
adventure_work_2019,person_businessentityaddress,AddressID,2,int,4.89,19614,Yes,19614,No,No
adventure_work_2019,person_businessentityaddress,AddressTypeID,3,int,1.0,3,Yes,19614,No,No
adventure_work_2019,person_businessentityaddress,rowguid,4,varchar,36.0,19614,Yes,19614,No,No
adventure_work_2019,person_businessentityaddress,ModifiedDate,5,timestamp,19.0,1127,No,19614,No,No
adventure_work_2019,person_businessentitycontact,BusinessEntityID,1,int,3.59,805,Yes,909,No,No
adventure_work_2019,person_businessentitycontact,PersonID,2,int,3.61,909,Yes,909,No,No
adventure_work_2019,person_businessentitycontact,ContactTypeID,3,int,1.98,7,Yes,909,No,No
adventure_work_2019,person_businessentitycontact,rowguid,4,varchar,36.0,909,Yes,909,No,No
adventure_work_2019,person_businessentitycontact,ModifiedDate,5,timestamp,19.0,61,No,909,No,No
adventure_work_2019,person_contacttype,ContactTypeID,1,int,1.55,20,Yes,20,No,No
adventure_work_2019,person_contacttype,Name,2,varchar,19.75,20,No,20,No,No
adventure_work_2019,person_contacttype,ModifiedDate,3,timestamp,19.0,1,No,20,No,No
adventure_work_2019,person_countryregion,CountryRegionCode,1,varchar,2.0,238,No,238,No,No
adventure_work_2019,person_countryregion,Name,2,varchar,10.08,238,No,238,No,No
adventure_work_2019,person_countryregion,ModifiedDate,3,timestamp,19.0,1,No,238,No,No
adventure_work_2019,person_emailaddress,BusinessEntityID,1,int,4.5,19972,Yes,19972,No,No
adventure_work_2019,person_emailaddress,EmailAddressID,2,int,4.44,19972,Yes,19972,No,No
adventure_work_2019,person_emailaddress,EmailAddress,3,varchar,27.58,19972,No,19972,Yes,No
adventure_work_2019,person_emailaddress,rowguid,4,varchar,36.0,19972,Yes,19972,No,No
adventure_work_2019,person_emailaddress,ModifiedDate,5,timestamp,19.0,1281,No,19972,No,No
adventure_work_2019,person_password,BusinessEntityID,1,int,4.5,19972,Yes,19972,No,No
adventure_work_2019,person_password,PasswordHash,2,varchar,44.0,19972,No,19972,No,No
adventure_work_2019,person_password,PasswordSalt,3,varchar,8.0,19972,No,19972,No,No
adventure_work_2019,person_password,rowguid,4,varchar,36.0,19972,Yes,19972,No,No
adventure_work_2019,person_password,ModifiedDate,5,timestamp,19.0,1281,No,19972,No,No
adventure_work_2019,person_person,BusinessEntityID,1,int,4.5,19972,Yes,19972,No,No
adventure_work_2019,person_person,PersonType,2,char,2.0,6,No,19972,No,No
adventure_work_2019,person_person,NameStyle,3,tinyint,1.0,1,No,19972,No,No
adventure_work_2019,person_person,Title,4,varchar,3.0,6,No,19972,Yes,No
adventure_work_2019,person_person,FirstName,5,varchar,5.91,1010,No,19972,No,No
adventure_work_2019,person_person,MiddleName,6,varchar,1.06,70,No,19972,Yes,No
adventure_work_2019,person_person,LastName,7,varchar,5.61,1202,No,19972,No,No
adventure_work_2019,person_person,Suffix,8,varchar,2.83,6,No,19972,Yes,No
adventure_work_2019,person_person,EmailPromotion,9,int,1.0,3,No,19972,No,No
adventure_work_2019,person_person,AdditionalContactInfo,10,text,927.8,10,No,19972,Yes,No
adventure_work_2019,person_person,Demographics,11,text,571.55,19114,No,19972,Yes,No
adventure_work_2019,person_person,rowguid,12,varchar,36.0,19972,Yes,19972,No,No
adventure_work_2019,person_person,ModifiedDate,13,timestamp,19.0,1281,No,19972,No,No
adventure_work_2019,person_personphone,BusinessEntityID,1,int,4.5,19972,Yes,19972,No,No
adventure_work_2019,person_personphone,PhoneNumber,2,varchar,15.22,9938,No,19972,No,No
adventure_work_2019,person_personphone,PhoneNumberTypeID,3,int,1.0,3,Yes,19972,No,No
adventure_work_2019,person_personphone,ModifiedDate,4,timestamp,19.0,1281,No,19972,No,No
adventure_work_2019,person_phonenumbertype,PhoneNumberTypeID,1,int,1.0,3,Yes,3,No,No
adventure_work_2019,person_phonenumbertype,Name,2,varchar,4.0,3,No,3,No,No
adventure_work_2019,person_phonenumbertype,ModifiedDate,3,timestamp,19.0,1,No,3,No,No
adventure_work_2019,person_stateprovince,StateProvinceID,1,int,2.4,181,Yes,181,No,No
adventure_work_2019,person_stateprovince,StateProvinceCode,2,char,2.03,181,No,181,No,No
adventure_work_2019,person_stateprovince,CountryRegionCode,3,varchar,2.0,12,No,181,No,No
adventure_work_2019,person_stateprovince,IsOnlyStateProvinceFlag,4,tinyint,1.0,2,No,181,No,No
adventure_work_2019,person_stateprovince,Name,5,varchar,9.56,181,No,181,No,No
adventure_work_2019,person_stateprovince,TerritoryID,6,int,1.01,10,Yes,181,No,No
adventure_work_2019,person_stateprovince,rowguid,7,varchar,36.0,181,Yes,181,No,No
adventure_work_2019,person_stateprovince,ModifiedDate,8,timestamp,19.0,2,No,181,No,No
adventure_work_2019,production_billofmaterials,BillOfMaterialsID,1,int,3.65,2679,Yes,2679,No,No
adventure_work_2019,production_billofmaterials,ProductAssemblyID,2,int,3.0,238,Yes,2679,Yes,No
adventure_work_2019,production_billofmaterials,ComponentID,3,int,2.99,325,Yes,2679,No,No
adventure_work_2019,production_billofmaterials,StartDate,4,timestamp,19.0,19,No,2679,No,No
adventure_work_2019,production_billofmaterials,EndDate,5,datetime,26.0,8,No,2679,Yes,No
adventure_work_2019,production_billofmaterials,UnitMeasureCode,6,char,2.0,3,No,2679,No,No
adventure_work_2019,production_billofmaterials,BOMLevel,7,smallint,1.0,5,No,2679,No,No
adventure_work_2019,production_billofmaterials,PerAssemblyQty,8,decimal,4.02,12,No,2679,No,No
adventure_work_2019,production_billofmaterials,ModifiedDate,9,timestamp,19.0,27,No,2679,No,No
adventure_work_2019,production_culture,CultureID,1,char,2.25,8,Yes,8,No,No
adventure_work_2019,production_culture,Name,2,varchar,10.13,8,No,8,No,No
adventure_work_2019,production_culture,ModifiedDate,3,timestamp,19.0,1,No,8,No,No
adventure_work_2019,production_document,DocumentNode,1,varchar,4.23,13,No,13,No,No
adventure_work_2019,production_document,DocumentLevel,2,smallint,1.0,3,No,13,Yes,No
adventure_work_2019,production_document,Title,3,varchar,21.15,13,No,13,No,No
adventure_work_2019,production_document,Owner,4,int,3.0,3,No,13,No,No
adventure_work_2019,production_document,FolderFlag,5,tinyint,1.0,2,No,13,No,No
adventure_work_2019,production_document,FileName,6,varchar,23.92,13,No,13,No,No
adventure_work_2019,production_document,FileExtension,7,varchar,2.77,2,No,13,No,No
adventure_work_2019,production_document,Revision,8,char,1.0,6,No,13,No,No
adventure_work_2019,production_document,ChangeNumber,9,int,1.62,9,No,13,No,No
adventure_work_2019,production_document,Status,10,tinyint,1.0,3,No,13,No,No
adventure_work_2019,production_document,DocumentSummary,11,longtext,288.4,5,No,13,Yes,No
adventure_work_2019,production_document,Document,12,longblob,0.0,9,No,13,Yes,No
adventure_work_2019,production_document,rowguid,13,varchar,36.0,13,Yes,13,No,No
adventure_work_2019,production_document,ModifiedDate,14,timestamp,19.0,6,No,13,No,No
adventure_work_2019,production_illustration,IllustrationID,1,int,1.0,5,Yes,5,No,No
adventure_work_2019,production_illustration,Diagram,2,text,24053.4,5,No,5,Yes,No
adventure_work_2019,production_illustration,ModifiedDate,3,timestamp,19.0,1,No,5,No,No
adventure_work_2019,production_location,LocationID,1,smallint,1.5,14,Yes,14,No,No
adventure_work_2019,production_location,Name,2,varchar,13.86,14,No,14,No,No
adventure_work_2019,production_location,CostRate,3,decimal,6.5,7,No,14,No,No
adventure_work_2019,production_location,Availability,4,decimal,4.86,5,No,14,No,No
adventure_work_2019,production_location,ModifiedDate,5,timestamp,19.0,1,No,14,No,No
adventure_work_2019,production_product,ProductID,1,int,2.98,504,Yes,504,No,No
adventure_work_2019,production_product,Name,2,varchar,18.41,504,No,504,No,No
adventure_work_2019,production_product,ProductNumber,3,varchar,8.2,504,No,504,No,No
adventure_work_2019,production_product,MakeFlag,4,tinyint,1.0,2,No,504,No,No
adventure_work_2019,production_product,FinishedGoodsFlag,5,tinyint,1.0,2,No,504,No,No
adventure_work_2019,production_product,Color,6,varchar,5.1,9,No,504,Yes,No
adventure_work_2019,production_product,SafetyStockLevel,7,smallint,3.09,6,No,504,No,No
adventure_work_2019,production_product,ReorderPoint,8,smallint,2.58,6,No,504,No,No
adventure_work_2019,production_product,StandardCost,9,decimal,7.02,114,No,504,No,No
adventure_work_2019,production_product,ListPrice,10,decimal,7.17,103,No,504,No,No
adventure_work_2019,production_product,Size,11,varchar,1.85,18,No,504,Yes,No
adventure_work_2019,production_product,SizeUnitMeasureCode,12,char,2.0,1,No,504,Yes,No
adventure_work_2019,production_product,WeightUnitMeasureCode,13,char,1.86,2,No,504,Yes,No
adventure_work_2019,production_product,Weight,14,decimal,4.76,127,No,504,Yes,No
adventure_work_2019,production_product,DaysToManufacture,15,int,1.0,4,No,504,No,No
adventure_work_2019,production_product,ProductLine,16,char,1.0,4,No,504,Yes,No
adventure_work_2019,production_product,Class,17,char,1.0,3,No,504,Yes,No
adventure_work_2019,production_product,Style,18,char,1.0,3,No,504,Yes,No
adventure_work_2019,production_product,ProductSubcategoryID,19,int,1.61,37,Yes,504,Yes,No
adventure_work_2019,production_product,ProductModelID,20,int,1.89,119,Yes,504,Yes,No
adventure_work_2019,production_product,SellStartDate,21,datetime,26.0,4,No,504,No,No
adventure_work_2019,production_product,SellEndDate,22,datetime,26.0,2,No,504,Yes,No
adventure_work_2019,production_product,DiscontinuedDate,23,datetime,0.0,0,No,504,Yes,Yes
adventure_work_2019,production_product,rowguid,24,varchar,36.0,504,Yes,504,No,No
adventure_work_2019,production_product,ModifiedDate,25,timestamp,19.0,2,No,504,No,No
adventure_work_2019,production_productcategory,ProductCategoryID,1,int,1.0,4,Yes,4,No,No
adventure_work_2019,production_productcategory,Name,2,varchar,8.5,4,No,4,No,No
adventure_work_2019,production_productcategory,rowguid,3,varchar,36.0,4,Yes,4,No,No
adventure_work_2019,production_productcategory,ModifiedDate,4,timestamp,19.0,1,No,4,No,No
adventure_work_2019,production_productcosthistory,ProductID,1,int,3.0,293,Yes,395,No,No
adventure_work_2019,production_productcosthistory,StartDate,2,datetime,26.0,3,No,395,No,No
adventure_work_2019,production_productcosthistory,EndDate,3,datetime,26.0,2,No,395,Yes,No
adventure_work_2019,production_productcosthistory,StandardCost,4,decimal,7.72,134,No,395,No,No
adventure_work_2019,production_productcosthistory,ModifiedDate,5,timestamp,19.0,3,No,395,No,No
adventure_work_2019,production_productdescription,ProductDescriptionID,1,int,3.87,762,Yes,762,No,No
adventure_work_2019,production_productdescription,Description,2,varchar,120.59,733,No,762,No,No
adventure_work_2019,production_productdescription,rowguid,3,varchar,36.0,762,Yes,762,No,No
adventure_work_2019,production_productdescription,ModifiedDate,4,timestamp,19.0,2,No,762,No,No
adventure_work_2019,production_productdocument,ProductID,1,int,3.0,31,Yes,32,No,No
adventure_work_2019,production_productdocument,DocumentNode,2,varchar,5.0,6,No,32,No,No
adventure_work_2019,production_productdocument,ModifiedDate,3,timestamp,19.0,1,No,32,No,No
adventure_work_2019,production_productinventory,ProductID,1,int,2.98,432,Yes,1069,No,No
adventure_work_2019,production_productinventory,LocationID,2,smallint,1.45,14,Yes,1069,No,No
adventure_work_2019,production_productinventory,Shelf,3,varchar,1.54,21,No,1069,No,No
adventure_work_2019,production_productinventory,Bin,4,tinyint,1.34,62,No,1069,No,No
adventure_work_2019,production_productinventory,Quantity,5,smallint,2.83,343,No,1069,No,No
adventure_work_2019,production_productinventory,rowguid,6,varchar,36.0,1069,Yes,1069,No,No
adventure_work_2019,production_productinventory,ModifiedDate,7,timestamp,19.0,24,No,1069,No,No
adventure_work_2019,production_productlistpricehistory,ProductID,1,int,3.0,293,Yes,395,No,No
adventure_work_2019,production_productlistpricehistory,StartDate,2,datetime,26.0,3,No,395,No,No
adventure_work_2019,production_productlistpricehistory,EndDate,3,datetime,26.0,2,No,395,Yes,No
adventure_work_2019,production_productlistpricehistory,ListPrice,4,decimal,7.99,120,No,395,No,No
adventure_work_2019,production_productlistpricehistory,ModifiedDate,5,timestamp,19.0,3,No,395,No,No
adventure_work_2019,production_productmodel,ProductModelID,1,int,2.16,128,Yes,128,No,No
adventure_work_2019,production_productmodel,Name,2,varchar,15.91,128,No,128,No,No
adventure_work_2019,production_productmodel,CatalogDescription,3,text,2341.5,6,No,128,Yes,No
adventure_work_2019,production_productmodel,Instructions,4,text,3110.22,9,No,128,Yes,No
adventure_work_2019,production_productmodel,rowguid,5,varchar,36.0,128,Yes,128,No,No
adventure_work_2019,production_productmodel,ModifiedDate,6,timestamp,19.0,6,No,128,No,No
adventure_work_2019,production_productmodelillustration,ProductModelID,1,int,1.86,5,Yes,7,No,No
adventure_work_2019,production_productmodelillustration,IllustrationID,2,int,1.0,4,Yes,7,No,No
adventure_work_2019,production_productmodelillustration,ModifiedDate,3,timestamp,19.0,1,No,7,No,No
adventure_work_2019,production_productmodelproductdescriptionculture,ProductModelID,1,int,2.15,127,Yes,762,No,No
adventure_work_2019,production_productmodelproductdescriptionculture,ProductDescriptionID,2,int,3.87,762,Yes,762,No,No
adventure_work_2019,production_productmodelproductdescriptionculture,CultureID,3,char,2.67,6,Yes,762,No,No
adventure_work_2019,production_productmodelproductdescriptionculture,ModifiedDate,4,timestamp,19.0,1,No,762,No,No
adventure_work_2019,production_productphoto,ProductPhotoID,1,int,2.72,101,Yes,101,No,No
adventure_work_2019,production_productphoto,ThumbNailPhoto,2,longblob,0.0,101,No,101,Yes,No
adventure_work_2019,production_productphoto,ThumbnailPhotoFileName,3,varchar,23.85,101,No,101,Yes,No
adventure_work_2019,production_productphoto,LargePhoto,4,longblob,0.0,101,No,101,Yes,No
adventure_work_2019,production_productphoto,LargePhotoFileName,5,varchar,23.85,101,No,101,Yes,No
adventure_work_2019,production_productphoto,ModifiedDate,6,timestamp,19.0,6,No,101,No,No
adventure_work_2019,production_productproductphoto,ProductID,1,int,2.98,504,Yes,504,No,No
adventure_work_2019,production_productproductphoto,ProductPhotoID,2,int,1.56,42,Yes,504,No,No
adventure_work_2019,production_productproductphoto,Primary,3,tinyint,1.0,1,No,504,No,No
adventure_work_2019,production_productproductphoto,ModifiedDate,4,timestamp,19.0,4,No,504,No,No
adventure_work_2019,production_productreview,ProductReviewID,1,int,1.0,4,Yes,4,No,No
adventure_work_2019,production_productreview,ProductID,2,int,3.0,3,Yes,4,No,No
adventure_work_2019,production_productreview,ReviewerName,3,varchar,7.75,4,No,4,No,No
adventure_work_2019,production_productreview,ReviewDate,4,timestamp,19.0,3,No,4,No,No
adventure_work_2019,production_productreview,EmailAddress,5,varchar,24.25,4,No,4,No,No
adventure_work_2019,production_productreview,Rating,6,int,1.0,3,No,4,No,No
adventure_work_2019,production_productreview,Comments,7,varchar,1230.25,4,No,4,Yes,No
adventure_work_2019,production_productreview,ModifiedDate,8,timestamp,19.0,3,No,4,No,No
adventure_work_2019,production_productsubcategory,ProductSubcategoryID,1,int,1.76,37,Yes,37,No,No
adventure_work_2019,production_productsubcategory,ProductCategoryID,2,int,1.0,4,Yes,37,No,No
adventure_work_2019,production_productsubcategory,Name,3,varchar,8.89,37,No,37,No,No
adventure_work_2019,production_productsubcategory,rowguid,4,varchar,36.0,37,Yes,37,No,No
adventure_work_2019,production_productsubcategory,ModifiedDate,5,timestamp,19.0,1,No,37,No,No
adventure_work_2019,production_scrapreason,ScrapReasonID,1,smallint,1.44,16,Yes,16,No,No
adventure_work_2019,production_scrapreason,Name,2,varchar,21.31,16,No,16,No,No
adventure_work_2019,production_scrapreason,ModifiedDate,3,timestamp,19.0,1,No,16,No,No
adventure_work_2019,production_transactionhistory,TransactionID,1,int,6.0,113443,Yes,113443,No,No
adventure_work_2019,production_transactionhistory,ProductID,2,int,2.99,441,Yes,113443,No,No
adventure_work_2019,production_transactionhistory,ReferenceOrderID,3,int,4.92,37118,Yes,113443,No,No
adventure_work_2019,production_transactionhistory,ReferenceOrderLineID,4,int,1.14,72,Yes,113443,No,No
adventure_work_2019,production_transactionhistory,TransactionDate,5,timestamp,19.0,365,No,113443,No,No
adventure_work_2019,production_transactionhistory,TransactionType,6,char,1.0,3,No,113443,No,No
adventure_work_2019,production_transactionhistory,Quantity,7,int,1.18,455,No,113443,No,No
adventure_work_2019,production_transactionhistory,ActualCost,8,decimal,6.83,252,No,113443,No,No
adventure_work_2019,production_transactionhistory,ModifiedDate,9,timestamp,19.0,365,No,113443,No,No
adventure_work_2019,production_transactionhistoryarchive,TransactionID,1,int,4.88,89253,Yes,89253,No,No
adventure_work_2019,production_transactionhistoryarchive,ProductID,2,int,2.98,497,Yes,89253,No,No
adventure_work_2019,production_transactionhistoryarchive,ReferenceOrderID,3,int,4.85,51380,Yes,89253,No,No
adventure_work_2019,production_transactionhistoryarchive,ReferenceOrderLineID,4,int,1.24,73,Yes,89253,No,No
adventure_work_2019,production_transactionhistoryarchive,TransactionDate,5,timestamp,19.0,794,No,89253,No,No
adventure_work_2019,production_transactionhistoryarchive,TransactionType,6,char,1.0,3,No,89253,No,No
adventure_work_2019,production_transactionhistoryarchive,Quantity,7,int,1.17,640,No,89253,No,No
adventure_work_2019,production_transactionhistoryarchive,ActualCost,8,decimal,6.97,293,No,89253,No,No
adventure_work_2019,production_transactionhistoryarchive,ModifiedDate,9,timestamp,19.0,794,No,89253,No,No
adventure_work_2019,production_unitmeasure,UnitMeasureCode,1,char,2.29,38,No,38,No,No
adventure_work_2019,production_unitmeasure,Name,2,varchar,8.47,38,No,38,No,No
adventure_work_2019,production_unitmeasure,ModifiedDate,3,timestamp,19.0,1,No,38,No,No
adventure_work_2019,production_workorder,WorkOrderID,1,int,4.85,72591,Yes,72591,No,No
adventure_work_2019,production_workorder,ProductID,2,int,2.97,238,Yes,72591,No,No
adventure_work_2019,production_workorder,OrderQty,3,int,1.34,903,No,72591,No,No
adventure_work_2019,production_workorder,StockedQty,4,int,1.34,1013,No,72591,No,No
adventure_work_2019,production_workorder,ScrappedQty,5,smallint,1.0,87,No,72591,No,No
adventure_work_2019,production_workorder,StartDate,6,datetime,26.0,1093,No,72591,No,No
adventure_work_2019,production_workorder,EndDate,7,datetime,26.0,1098,No,72591,Yes,No
adventure_work_2019,production_workorder,DueDate,8,datetime,26.0,1093,No,72591,No,No
adventure_work_2019,production_workorder,ScrapReasonID,9,smallint,1.47,16,Yes,72591,Yes,No
adventure_work_2019,production_workorder,ModifiedDate,10,timestamp,19.0,1098,No,72591,No,No
adventure_work_2019,production_workorderrouting,WorkOrderID,1,int,4.88,42625,Yes,67131,No,No
adventure_work_2019,production_workorderrouting,ProductID,2,int,3.0,149,Yes,67131,No,No
adventure_work_2019,production_workorderrouting,OperationSequence,3,smallint,1.0,7,No,67131,No,No
adventure_work_2019,production_workorderrouting,LocationID,4,smallint,2.0,7,Yes,67131,No,No
adventure_work_2019,production_workorderrouting,ScheduledStartDate,5,datetime,26.0,1093,No,67131,No,No
adventure_work_2019,production_workorderrouting,ScheduledEndDate,6,datetime,26.0,1093,No,67131,No,No
adventure_work_2019,production_workorderrouting,ActualStartDate,7,datetime,26.0,671,No,67131,Yes,No
adventure_work_2019,production_workorderrouting,ActualEndDate,8,datetime,26.0,714,No,67131,Yes,No
adventure_work_2019,production_workorderrouting,ActualResourceHrs,9,decimal,6.0,6,No,67131,Yes,No
adventure_work_2019,production_workorderrouting,PlannedCost,10,decimal,7.0,7,No,67131,No,No
adventure_work_2019,production_workorderrouting,ActualCost,11,decimal,7.0,7,No,67131,Yes,No
adventure_work_2019,production_workorderrouting,ModifiedDate,12,timestamp,19.0,714,No,67131,No,No
adventure_work_2019,purchasing_productvendor,ProductID,1,int,2.99,265,Yes,460,No,No
adventure_work_2019,purchasing_productvendor,BusinessEntityID,2,int,4.0,86,Yes,460,No,No
adventure_work_2019,purchasing_productvendor,AverageLeadTime,3,int,2.0,13,No,460,No,No
adventure_work_2019,purchasing_productvendor,StandardPrice,4,decimal,6.9,175,No,460,No,No
adventure_work_2019,purchasing_productvendor,LastReceiptCost,5,decimal,6.9,175,No,460,Yes,No
adventure_work_2019,purchasing_productvendor,LastReceiptDate,6,datetime,26.0,43,No,460,Yes,No
adventure_work_2019,purchasing_productvendor,MinOrderQty,7,int,1.73,11,No,460,No,No
adventure_work_2019,purchasing_productvendor,MaxOrderQty,8,int,2.08,16,No,460,No,No
adventure_work_2019,purchasing_productvendor,OnOrderQty,9,int,2.26,26,No,460,Yes,No
adventure_work_2019,purchasing_productvendor,UnitMeasureCode,10,char,2.57,7,No,460,No,No
adventure_work_2019,purchasing_productvendor,ModifiedDate,11,timestamp,19.0,30,No,460,No,No
adventure_work_2019,purchasing_purchaseorderdetail,PurchaseOrderID,1,int,3.72,4012,Yes,8845,No,No
adventure_work_2019,purchasing_purchaseorderdetail,PurchaseOrderDetailID,2,int,3.87,8845,Yes,8845,No,No
adventure_work_2019,purchasing_purchaseorderdetail,DueDate,3,datetime,26.0,299,No,8845,No,No
adventure_work_2019,purchasing_purchaseorderdetail,OrderQty,4,smallint,1.99,28,No,8845,No,No
adventure_work_2019,purchasing_purchaseorderdetail,ProductID,5,int,2.97,265,Yes,8845,No,No
adventure_work_2019,purchasing_purchaseorderdetail,UnitPrice,6,decimal,6.87,177,No,8845,No,No
adventure_work_2019,purchasing_purchaseorderdetail,LineTotal,7,decimal,8.75,183,No,8845,No,No
adventure_work_2019,purchasing_purchaseorderdetail,ReceivedQty,8,decimal,4.99,34,No,8845,No,No
adventure_work_2019,purchasing_purchaseorderdetail,RejectedQty,9,decimal,4.06,13,No,8845,No,No
adventure_work_2019,purchasing_purchaseorderdetail,StockedQty,10,decimal,4.97,38,No,8845,No,No
adventure_work_2019,purchasing_purchaseorderdetail,ModifiedDate,11,timestamp,19.0,297,No,8845,No,No
adventure_work_2019,purchasing_purchaseorderheader,PurchaseOrderID,1,int,3.72,4012,Yes,4012,No,No
adventure_work_2019,purchasing_purchaseorderheader,RevisionNumber,2,tinyint,1.0,10,No,4012,No,No
adventure_work_2019,purchasing_purchaseorderheader,Status,3,tinyint,1.0,4,No,4012,No,No
adventure_work_2019,purchasing_purchaseorderheader,EmployeeID,4,int,3.0,12,Yes,4012,No,No
adventure_work_2019,purchasing_purchaseorderheader,VendorID,5,int,4.0,86,Yes,4012,No,No
adventure_work_2019,purchasing_purchaseorderheader,ShipMethodID,6,int,1.0,5,Yes,4012,No,No
adventure_work_2019,purchasing_purchaseorderheader,OrderDate,7,timestamp,19.0,300,No,4012,No,No
adventure_work_2019,purchasing_purchaseorderheader,ShipDate,8,datetime,26.0,297,No,4012,Yes,No
adventure_work_2019,purchasing_purchaseorderheader,SubTotal,9,decimal,8.92,351,No,4012,No,No
adventure_work_2019,purchasing_purchaseorderheader,TaxAmt,10,decimal,7.88,351,No,4012,No,No
adventure_work_2019,purchasing_purchaseorderheader,Freight,11,decimal,7.37,351,No,4012,No,No
adventure_work_2019,purchasing_purchaseorderheader,TotalDue,12,decimal,8.97,351,No,4012,No,No
adventure_work_2019,purchasing_purchaseorderheader,ModifiedDate,13,timestamp,19.0,297,No,4012,No,No
adventure_work_2019,purchasing_shipmethod,ShipMethodID,1,int,1.0,5,Yes,5,No,No
adventure_work_2019,purchasing_shipmethod,Name,2,varchar,16.0,5,No,5,No,No
adventure_work_2019,purchasing_shipmethod,ShipBase,3,decimal,6.4,5,No,5,No,No
adventure_work_2019,purchasing_shipmethod,ShipRate,4,decimal,6.0,5,No,5,No,No
adventure_work_2019,purchasing_shipmethod,rowguid,5,varchar,36.0,5,Yes,5,No,No
adventure_work_2019,purchasing_shipmethod,ModifiedDate,6,timestamp,19.0,1,No,5,No,No
adventure_work_2019,purchasing_vendor,BusinessEntityID,1,int,4.0,104,Yes,104,No,No
adventure_work_2019,purchasing_vendor,AccountNumber,2,varchar,11.24,104,No,104,No,No
adventure_work_2019,purchasing_vendor,Name,3,varchar,18.41,104,No,104,No,No
adventure_work_2019,purchasing_vendor,CreditRating,4,tinyint,1.0,5,No,104,No,No
adventure_work_2019,purchasing_vendor,PreferredVendorStatus,5,tinyint,1.0,2,No,104,No,No
adventure_work_2019,purchasing_vendor,ActiveFlag,6,tinyint,1.0,2,No,104,No,No
adventure_work_2019,purchasing_vendor,PurchasingWebServiceURL,7,varchar,20.83,6,No,104,Yes,No
adventure_work_2019,purchasing_vendor,ModifiedDate,8,timestamp,19.0,10,No,104,No,No
adventure_work_2019,sales_countryregioncurrency,CountryRegionCode,1,varchar,2.0,96,No,109,No,No
adventure_work_2019,sales_countryregioncurrency,CurrencyCode,2,char,3.0,97,No,109,No,No
adventure_work_2019,sales_countryregioncurrency,ModifiedDate,3,timestamp,19.0,2,No,109,No,No
adventure_work_2019,sales_creditcard,CreditCardID,1,int,4.42,19118,Yes,19118,No,No
adventure_work_2019,sales_creditcard,CardType,2,varchar,10.29,4,No,19118,No,No
adventure_work_2019,sales_creditcard,CardNumber,3,varchar,14.0,19118,No,19118,No,No
adventure_work_2019,sales_creditcard,ExpMonth,4,tinyint,1.25,12,No,19118,No,No
adventure_work_2019,sales_creditcard,ExpYear,5,smallint,4.0,4,No,19118,No,No
adventure_work_2019,sales_creditcard,ModifiedDate,6,timestamp,19.0,1279,No,19118,No,No
adventure_work_2019,sales_currency,CurrencyCode,1,char,3.0,105,No,105,No,No
adventure_work_2019,sales_currency,Name,2,varchar,12.07,105,No,105,No,No
adventure_work_2019,sales_currency,ModifiedDate,3,timestamp,19.0,1,No,105,No,No
adventure_work_2019,sales_currencyrate,CurrencyRateID,1,int,4.18,13532,Yes,13532,No,No
adventure_work_2019,sales_currencyrate,CurrencyRateDate,2,datetime,26.0,1097,No,13532,No,No
adventure_work_2019,sales_currencyrate,FromCurrencyCode,3,char,3.0,1,No,13532,No,No
adventure_work_2019,sales_currencyrate,ToCurrencyCode,4,char,3.0,14,No,13532,No,No
adventure_work_2019,sales_currencyrate,AverageRate,5,decimal,6.34,6127,No,13532,No,No
adventure_work_2019,sales_currencyrate,EndOfDayRate,6,decimal,6.34,7232,No,13532,No,No
adventure_work_2019,sales_currencyrate,ModifiedDate,7,timestamp,19.0,1098,No,13532,No,No
adventure_work_2019,sales_customer,CustomerID,1,int,4.92,19820,Yes,19820,No,No
adventure_work_2019,sales_customer,PersonID,2,int,4.55,19119,Yes,19820,Yes,No
adventure_work_2019,sales_customer,StoreID,3,int,3.5,701,Yes,19820,Yes,No
adventure_work_2019,sales_customer,TerritoryID,4,int,1.1,10,Yes,19820,Yes,No
adventure_work_2019,sales_customer,AccountNumber,5,varchar,10.0,19820,No,19820,No,No
adventure_work_2019,sales_customer,rowguid,6,varchar,36.0,19820,Yes,19820,No,No
adventure_work_2019,sales_customer,ModifiedDate,7,timestamp,19.0,1,No,19820,No,No
adventure_work_2019,sales_personcreditcard,BusinessEntityID,1,int,4.55,19118,Yes,19118,No,No
adventure_work_2019,sales_personcreditcard,CreditCardID,2,int,4.42,19118,Yes,19118,No,No
adventure_work_2019,sales_personcreditcard,ModifiedDate,3,timestamp,19.0,1124,No,19118,No,No
adventure_work_2019,sales_salesorderdetail,SalesOrderID,1,int,5.0,31465,Yes,121317,No,No
adventure_work_2019,sales_salesorderdetail,SalesOrderDetailID,2,int,5.08,121317,Yes,121317,No,No
adventure_work_2019,sales_salesorderdetail,CarrierTrackingNumber,3,varchar,12.0,3806,No,121317,Yes,No
adventure_work_2019,sales_salesorderdetail,OrderQty,4,smallint,1.02,41,No,121317,No,No
adventure_work_2019,sales_salesorderdetail,ProductID,5,int,3.0,266,Yes,121317,No,No
adventure_work_2019,sales_salesorderdetail,SpecialOfferID,6,int,1.01,12,Yes,121317,No,No
adventure_work_2019,sales_salesorderdetail,UnitPrice,7,decimal,7.4,287,No,121317,No,No
adventure_work_2019,sales_salesorderdetail,UnitPriceDiscount,8,decimal,6.0,9,No,121317,No,No
adventure_work_2019,sales_salesorderdetail,LineTotal,9,decimal,9.61,1488,No,121317,No,No
adventure_work_2019,sales_salesorderdetail,rowguid,10,varchar,36.0,121317,Yes,121317,No,No
adventure_work_2019,sales_salesorderdetail,ModifiedDate,11,timestamp,19.0,1124,No,121317,No,No
adventure_work_2019,sales_salesorderheader,SalesOrderID,1,int,5.0,31465,Yes,31465,No,No
adventure_work_2019,sales_salesorderheader,RevisionNumber,2,tinyint,1.0,2,No,31465,No,No
adventure_work_2019,sales_salesorderheader,OrderDate,3,timestamp,19.0,1124,No,31465,No,No
adventure_work_2019,sales_salesorderheader,DueDate,4,datetime,26.0,1124,No,31465,No,No
adventure_work_2019,sales_salesorderheader,ShipDate,5,datetime,26.0,1124,No,31465,Yes,No
adventure_work_2019,sales_salesorderheader,Status,6,tinyint,1.0,1,No,31465,No,No
adventure_work_2019,sales_salesorderheader,OnlineOrderFlag,7,tinyint,1.0,2,No,31465,No,No
adventure_work_2019,sales_salesorderheader,SalesOrderNumber,8,varchar,7.0,31465,No,31465,No,No
adventure_work_2019,sales_salesorderheader,PurchaseOrderNumber,9,varchar,12.46,3806,No,31465,Yes,No
adventure_work_2019,sales_salesorderheader,AccountNumber,10,varchar,14.0,19119,No,31465,Yes,No
adventure_work_2019,sales_salesorderheader,CustomerID,11,int,5.0,19119,Yes,31465,No,No
adventure_work_2019,sales_salesorderheader,SalesPersonID,12,int,3.0,17,Yes,31465,Yes,No
adventure_work_2019,sales_salesorderheader,TerritoryID,13,int,1.1,10,Yes,31465,Yes,No
adventure_work_2019,sales_salesorderheader,BillToAddressID,14,int,4.78,19119,Yes,31465,No,No
adventure_work_2019,sales_salesorderheader,ShipToAddressID,15,int,4.77,19119,Yes,31465,No,No
adventure_work_2019,sales_salesorderheader,ShipMethodID,16,int,1.0,2,Yes,31465,No,No
adventure_work_2019,sales_salesorderheader,CreditCardID,17,int,4.43,18384,Yes,31465,Yes,No
adventure_work_2019,sales_salesorderheader,CreditCardApprovalCode,18,varchar,13.01,30334,No,31465,Yes,No
adventure_work_2019,sales_salesorderheader,CurrencyRateID,19,int,4.49,2514,Yes,31465,Yes,No
adventure_work_2019,sales_salesorderheader,SubTotal,20,decimal,8.1,4747,No,31465,No,No
adventure_work_2019,sales_salesorderheader,TaxAmt,21,decimal,7.08,4745,No,31465,No,No
adventure_work_2019,sales_salesorderheader,Freight,22,decimal,6.7,4744,No,31465,No,No
adventure_work_2019,sales_salesorderheader,TotalDue,23,decimal,8.12,4754,No,31465,No,No
adventure_work_2019,sales_salesorderheader,Comment,24,varchar,0.0,0,No,31465,Yes,Yes
adventure_work_2019,sales_salesorderheader,rowguid,25,varchar,36.0,31465,Yes,31465,No,No
adventure_work_2019,sales_salesorderheader,ModifiedDate,26,timestamp,19.0,1124,No,31465,No,No
adventure_work_2019,sales_salesorderheadersalesreason,SalesOrderID,1,int,5.0,23012,Yes,27647,No,No
adventure_work_2019,sales_salesorderheadersalesreason,SalesReasonID,2,int,1.05,7,Yes,27647,No,No
adventure_work_2019,sales_salesorderheadersalesreason,ModifiedDate,3,timestamp,19.0,1109,No,27647,No,No
adventure_work_2019,sales_salesperson,BusinessEntityID,1,int,3.0,17,Yes,17,No,No
adventure_work_2019,sales_salesperson,TerritoryID,2,int,1.07,10,Yes,17,Yes,No
adventure_work_2019,sales_salesperson,SalesQuota,3,decimal,11.0,2,No,17,Yes,No
adventure_work_2019,sales_salesperson,Bonus,4,decimal,8.24,14,No,17,No,No
adventure_work_2019,sales_salesperson,CommissionPct,5,decimal,6.0,8,No,17,No,No
adventure_work_2019,sales_salesperson,SalesYTD,6,decimal,11.82,17,No,17,No,No
adventure_work_2019,sales_salesperson,SalesLastYear,7,decimal,10.59,14,No,17,No,No
adventure_work_2019,sales_salesperson,rowguid,8,varchar,36.0,17,Yes,17,No,No
adventure_work_2019,sales_salesperson,ModifiedDate,9,timestamp,19.0,7,No,17,No,No
adventure_work_2019,sales_salespersonquotahistory,BusinessEntityID,1,int,3.0,17,Yes,163,No,No
adventure_work_2019,sales_salespersonquotahistory,QuotaDate,2,datetime,26.0,12,No,163,No,No
adventure_work_2019,sales_salespersonquotahistory,SalesQuota,3,decimal,11.06,154,No,163,No,No
adventure_work_2019,sales_salespersonquotahistory,rowguid,4,varchar,36.0,163,Yes,163,No,No
adventure_work_2019,sales_salespersonquotahistory,ModifiedDate,5,timestamp,19.0,12,No,163,No,No
adventure_work_2019,sales_salesreason,SalesReasonID,1,int,1.1,10,Yes,10,No,No
adventure_work_2019,sales_salesreason,Name,2,varchar,11.5,10,No,10,No,No
adventure_work_2019,sales_salesreason,ReasonType,3,varchar,7.0,3,No,10,No,No
adventure_work_2019,sales_salesreason,ModifiedDate,4,timestamp,19.0,1,No,10,No,No
adventure_work_2019,sales_salestaxrate,SalesTaxRateID,1,int,1.69,29,Yes,29,No,No
adventure_work_2019,sales_salestaxrate,StateProvinceID,2,int,1.83,26,Yes,29,No,No
adventure_work_2019,sales_salestaxrate,TaxType,3,tinyint,1.0,3,No,29,No,No
adventure_work_2019,sales_salestaxrate,TaxRate,4,decimal,6.24,15,No,29,No,No
adventure_work_2019,sales_salestaxrate,Name,5,varchar,19.69,18,No,29,No,No
adventure_work_2019,sales_salestaxrate,rowguid,6,varchar,36.0,29,Yes,29,No,No
adventure_work_2019,sales_salestaxrate,ModifiedDate,7,timestamp,19.0,1,No,29,No,No
adventure_work_2019,sales_salesterritory,TerritoryID,1,int,1.1,10,Yes,10,No,No
adventure_work_2019,sales_salesterritory,Name,2,varchar,8.5,10,No,10,No,No
adventure_work_2019,sales_salesterritory,CountryRegionCode,3,varchar,2.0,6,No,10,No,No
adventure_work_2019,sales_salesterritory,Group,4,varchar,10.3,3,No,10,No,No
adventure_work_2019,sales_salesterritory,SalesYTD,5,decimal,12.1,10,No,10,No,No
adventure_work_2019,sales_salesterritory,SalesLastYear,6,decimal,12.0,10,No,10,No,No
adventure_work_2019,sales_salesterritory,CostYTD,7,decimal,6.0,1,No,10,No,No
adventure_work_2019,sales_salesterritory,CostLastYear,8,decimal,6.0,1,No,10,No,No
adventure_work_2019,sales_salesterritory,rowguid,9,varchar,36.0,10,Yes,10,No,No
adventure_work_2019,sales_salesterritory,ModifiedDate,10,timestamp,19.0,1,No,10,No,No
adventure_work_2019,sales_salesterritoryhistory,BusinessEntityID,1,int,3.0,14,Yes,17,No,No
adventure_work_2019,sales_salesterritoryhistory,TerritoryID,2,int,1.06,10,Yes,17,No,No
adventure_work_2019,sales_salesterritoryhistory,StartDate,3,datetime,26.0,5,No,17,No,No
adventure_work_2019,sales_salesterritoryhistory,EndDate,4,datetime,26.0,3,No,17,Yes,No
adventure_work_2019,sales_salesterritoryhistory,rowguid,5,varchar,36.0,17,Yes,17,No,No
adventure_work_2019,sales_salesterritoryhistory,ModifiedDate,6,timestamp,19.0,8,No,17,No,No
adventure_work_2019,sales_shoppingcartitem,ShoppingCartItemID,1,int,1.0,3,Yes,3,No,No
adventure_work_2019,sales_shoppingcartitem,ShoppingCartID,2,varchar,5.0,2,Yes,3,No,No
adventure_work_2019,sales_shoppingcartitem,Quantity,3,int,1.0,3,No,3,No,No
adventure_work_2019,sales_shoppingcartitem,ProductID,4,int,3.0,3,Yes,3,No,No
adventure_work_2019,sales_shoppingcartitem,DateCreated,5,timestamp,19.0,1,No,3,No,No
adventure_work_2019,sales_shoppingcartitem,ModifiedDate,6,timestamp,19.0,1,No,3,No,No
adventure_work_2019,sales_specialoffer,SpecialOfferID,1,int,1.44,16,Yes,16,No,No
adventure_work_2019,sales_specialoffer,Description,2,varchar,22.63,16,No,16,No,No
adventure_work_2019,sales_specialoffer,DiscountPct,3,decimal,6.0,10,No,16,No,No
adventure_work_2019,sales_specialoffer,Type,4,varchar,15.44,6,No,16,No,No
adventure_work_2019,sales_specialoffer,Category,5,varchar,8.19,3,No,16,No,No
adventure_work_2019,sales_specialoffer,StartDate,6,datetime,26.0,8,No,16,No,No
adventure_work_2019,sales_specialoffer,EndDate,7,datetime,26.0,10,No,16,No,No
adventure_work_2019,sales_specialoffer,MinQty,8,int,1.31,6,No,16,No,No
adventure_work_2019,sales_specialoffer,MaxQty,9,int,2.0,4,No,16,Yes,No
adventure_work_2019,sales_specialoffer,rowguid,10,varchar,36.0,16,Yes,16,No,No
adventure_work_2019,sales_specialoffer,ModifiedDate,11,timestamp,19.0,8,No,16,No,No
adventure_work_2019,sales_specialofferproduct,SpecialOfferID,1,int,1.09,15,Yes,538,No,No
adventure_work_2019,sales_specialofferproduct,ProductID,2,int,3.0,295,Yes,538,No,No
adventure_work_2019,sales_specialofferproduct,rowguid,3,varchar,36.0,538,Yes,538,No,No
adventure_work_2019,sales_specialofferproduct,ModifiedDate,4,timestamp,19.0,8,No,538,No,No
adventure_work_2019,sales_store,BusinessEntityID,1,int,3.5,701,Yes,701,No,No
adventure_work_2019,sales_store,Name,2,varchar,20.12,699,No,701,No,No
adventure_work_2019,sales_store,SalesPersonID,3,int,3.0,13,Yes,701,Yes,No
adventure_work_2019,sales_store,Demographics,4,text,418.04,701,No,701,Yes,No
adventure_work_2019,sales_store,rowguid,5,varchar,36.0,701,Yes,701,No,No
adventure_work_2019,sales_store,ModifiedDate,6,timestamp,19.0,1,No,701,No,No
